{
  "accuracy": 0.775,
  "precision": 0.7064935064935065,
  "recall": 0.7083333333333334,
  "f1": 0.7074122236671001,
  "roc_auc": 0.8444982751623377
}